{"cameraMode":{"drawMode":0,"name":"Shaded","section":"Shading Mode"},"sceneLighting":true,"audioPlay":false,"sceneViewState":{"m_AlwaysRefresh":false,"showFog":true,"showSkybox":true,"showFlares":true,"showImageEffects":true,"showParticleSystems":true,"showVisualEffectGraphs":true,"m_FxEnabled":true},"in2DMode":false,"pivot":{"x":365.1224670410156,"y":387.09075927734377,"z":-144.8311767578125},"rotation":{"x":0.14734776318073274,"y":0.011868448927998543,"z":-0.001769180642440915,"w":0.9890031814575195},"size":356.1688232421875,"orthographic":false}