{"cameraMode":{"drawMode":0,"name":"Shaded","section":"Shading Mode"},"sceneLighting":true,"audioPlay":false,"sceneViewState":{"m_AlwaysRefresh":false,"showFog":true,"showSkybox":true,"showFlares":true,"showImageEffects":true,"showParticleSystems":true,"showVisualEffectGraphs":true,"m_FxEnabled":true},"in2DMode":false,"pivot":{"x":2.3526906967163088,"y":-1.3321237564086915,"z":-2.6285181045532228},"rotation":{"x":0.2865491211414337,"y":-0.3575904071331024,"z":0.11627448350191117,"w":0.8811819553375244},"size":11.617993354797364,"orthographic":false}